id;creation_date;export_date;status;code
1;2024-08-05T12:35:12;2024-08-04T17:45:23;8598;optimistically
2;2024-08-05T13:16:02;2024-08-04T16:07:46;32608;yahoo
3;2024-08-05T09:09:44;2024-08-04T16:31:39;21436;awful
4;2024-08-04T23:36:19;2024-08-04T23:24:36;14402;even plus
5;2024-08-05T00:42:42;2024-08-04T18:23:12;20440;times
6;2024-08-04T18:28:57;2024-08-05T12:10:04;11380;where
7;2024-08-05T07:25:22;2024-08-04T21:07:12;25287;so below rightfully
8;2024-08-04T17:10:37;2024-08-05T12:13:20;10250;whoever summons
9;2024-08-04T21:21:30;2024-08-05T03:31:37;27727;doc until
10;2024-08-04T23:08:14;2024-08-05T03:20:12;20714;uselessly contrary
