id;creation_date;payment_date;receipt_date;status;code
1;2024-08-05T04:26:41;2024-08-04T13:37:59;2024-08-05T11:36:19;32262;inasmuch decimal great-grandfather
2;2024-08-04T23:30:04;2024-08-05T03:21:45;2024-08-05T12:06:27;16353;silt
3;2024-08-04T23:27:31;2024-08-04T17:57:37;2024-08-04T19:39:30;25688;boohoo for
4;2024-08-04T21:23:49;2024-08-04T17:43:27;2024-08-05T05:50:28;23368;internationalize
5;2024-08-05T11:38:43;2024-08-05T06:58:14;2024-08-04T17:39:08;16589;when overeat obedient
6;2024-08-04T21:10:02;2024-08-04T14:30:21;2024-08-05T05:56:17;17935;e-reader rotate
7;2024-08-05T09:19:57;2024-08-05T06:21:51;2024-08-05T04:10:03;6952;negotiate photoreceptor damaged
8;2024-08-04T20:26:32;2024-08-05T01:16:55;2024-08-04T16:26:07;24251;ore excited meh
9;2024-08-04T13:27:22;2024-08-04T21:04:08;2024-08-05T00:04:48;974;enchanted satirize berry
10;2024-08-04T15:44:02;2024-08-05T01:51:33;2024-08-04T20:46:09;29855;zowie knowledgeably inasmuch
